InsuranceID,ExpirationDate,PhoneNumber
pdCAxeb4tJ,10-04-2031,196-433-4022
KFBoItD1q9,17-11-2029,329-716-1849
Y9QAY3Ep8w,15-10-2029,900-666-3205
1t5D3d7fM0,14-09-2029,164-530-8480
3QlZ75fI4N,20-12-2029,575-750-5183
jQ9So1C456,04-07-2030,370-683-2747
V3kK68MS1P,21-08-2029,484-202-5304
7NYWA4xIzt,23-07-2030,783-777-4812
XrNZx6aW4I,04-08-2030,981-623-9150
O1zVh8baOG,16-03-2030,334-476-2394
6WOIEE25Ro,15-12-2029,547-169-5373
hIk6Yd8L58,07-08-2030,410-353-4153
sVaBSL1but,10-03-2031,886-975-0387
40t5I3Xx34,18-03-2031,644-167-0956
ey9403E5dE,09-01-2031,899-150-5772
Vb0H8hQY9h,18-04-2031,854-605-6197
De83OCpkRI,17-03-2030,538-740-8656
u67rli06Sb,21-06-2030,502-601-8702
3usXgBN0vy,13-12-2029,230-179-1107
22Nom09k11,18-06-2029,596-521-3206
H3UB8x02fs,31-05-2030,134-759-7471
6Zm3gVq02F,16-03-2030,930-444-4510
e915TikVT9,06-02-2030,310-854-2390
FaWdS11946,04-09-2030,749-690-3877
QRFOZe4TXX,19-07-2029,811-239-3549
gny85h4wL0,09-02-2030,779-759-6988
MwZY97xD39,09-06-2031,988-510-9300
52GazAdDzk,26-04-2030,499-388-7896
qS2jAj9E8V,23-12-2029,612-584-6098
L4X5ykiu7S,25-11-2029,212-579-3777
gMPc8tZZnF,29-07-2030,953-111-8309
zvR8oEHM6N,02-02-2031,551-994-1731
mtOxX5o7a9,12-03-2030,755-216-1230
302IYFs44R,22-05-2031,452-877-7802
Mann9A3B48,11-10-2029,949-147-9722
VuSwSDO1FX,13-09-2030,660-221-1630
291qPF3cJ8,20-06-2030,379-889-1889
ZI4ipfDl0F,29-07-2030,907-771-4198
w96YZazTH0,17-01-2031,912-305-3314
0l3R3a4mUs,16-03-2030,351-162-5005
Lj6mhhNu0p,30-12-2029,412-861-3644
07940Z98uo,18-01-2030,206-695-1794
8DLPpQfs7Q,10-07-2029,607-154-8354
Ik0T2RZBMb,27-04-2030,883-704-6377
ozcVw2tRx4,27-01-2030,463-296-7181
gDTgLg0P1O,25-06-2030,331-115-2388
07L68qd5Z3,08-12-2030,264-166-6037
b5niEOv4pn,13-08-2029,914-362-7968
Wrw01XcF1k,19-03-2031,484-660-9254
lUt9896qfn,25-02-2030,851-672-6698
6F923B4FTN,23-03-2031,184-848-3033
32IeaZdE84,19-03-2030,277-865-6434
njTAEQGiDZ,29-07-2029,915-157-7762
6NFIX45NTK,27-03-2030,443-927-6870
137AaCGr2Y,06-08-2029,311-660-2919
0E74jzi1Gf,04-12-2029,215-832-8428
u7wiQUC3FO,03-12-2030,811-261-8837
t0DZWgQ11l,28-06-2029,595-501-4139
yU9Tf61T4B,19-05-2030,861-143-2311
inF0dw7PG9,07-06-2030,276-436-7613
YbZHJR1rj8,09-09-2029,713-523-8330
0jJ9YEED0E,30-09-2030,554-103-5560
Mdn3DHSM1U,24-05-2031,420-872-6926
wS07HluiL9,07-12-2029,274-177-6096
l6W7bJSu5f,24-07-2029,570-330-9847
M53953A80z,11-02-2030,708-857-8701
yjMl6EMoiz,23-03-2031,433-716-0845
weqZ1tJGZx,02-09-2029,541-585-3566
rT1rvf29h2,05-05-2031,495-316-7157
75ML8R8g04,04-09-2029,914-113-5106
tO8dw14X3L,13-01-2031,404-289-1139
v0H19h82VL,21-02-2031,250-830-0644
7l2vSrOfcl,23-11-2030,264-375-5627
9vzZ0UJDc1,20-12-2029,761-271-2173
BEn0rv7th3,27-09-2029,806-241-7001
1U7I0Z9724,14-07-2030,777-859-8342
Wo8S0ik68l,11-07-2029,607-175-1350
NlY1b6fy22,20-03-2031,518-193-7635
CjeelTOx9G,29-12-2029,953-643-4825
6uSoQXgwe1,17-05-2031,921-626-2887
FluV1oG2qK,31-03-2030,329-648-3458
PtZdAM1Pry,03-09-2030,297-134-8738
KF99X21lwe,06-09-2030,859-996-1882
AAOEUq521f,18-10-2030,999-415-9942
nSZtXTgtJf,18-12-2029,583-822-1237
8Dkp80P9AA,05-03-2030,965-244-3552
2XaLW8mR74,17-10-2030,610-467-4959
Hh3OQ3t194,28-08-2029,135-417-5979
r899pOmpK8,05-02-2031,181-330-7408
f62H817iE5,12-01-2030,583-288-7654
0d9CpcDmbA,08-10-2029,537-933-7367
TnJ737K04j,08-07-2029,815-646-8026
vOYiP15ZPh,08-03-2030,780-460-7443
nJP933YC26,18-01-2031,696-351-4370
Mkuyhofw1e,22-02-2030,201-213-1298
AzDq2bJE40,18-11-2030,462-782-3493
Q8U154T290,25-06-2030,182-592-6220
Hh0mWXMLby,27-07-2030,516-874-6844
xqvq6g8y6A,01-03-2031,511-231-9756
6i6Zob7OOI,30-07-2029,209-857-7470
9T8O9ejGd6,29-01-2030,273-546-5132
0WbnXu6uPB,31-07-2030,804-574-8949
M7EOA8382G,16-12-2029,925-546-4799
bt8tdRNqG4,18-09-2029,605-172-6420
H6Jo56U22F,07-06-2030,189-850-4151
N9rs7L7Ac9,25-06-2029,237-839-1064
BOZ6srnvtl,03-10-2029,817-726-4187
93jitOV1aO,10-09-2030,997-909-2557
E7IUQ8kyak,13-03-2031,505-353-3838
9gPl2W6avd,29-01-2030,515-212-7865
bKs0zEq0mK,26-11-2030,961-577-1705
ZFYJ997v01,31-01-2030,407-815-8419
V6n85Jq7Te,15-03-2031,345-850-7611
mYa67K7xwX,12-01-2030,907-110-2951
kTfDx9P86a,17-11-2030,514-425-6926
F4YsWXvQ9f,08-05-2031,983-295-5610
vT73DkA6v7,24-06-2030,508-763-4967
uY0OzM4JJe,10-06-2030,479-380-9714
pA26zjHpQL,14-07-2029,525-484-8859
J4g66OBn3m,17-09-2029,295-307-6755
o05fWBI5GW,21-01-2030,398-759-3709
miGNVQ3NX7,01-11-2029,410-783-6529
4w56SeGU3C,27-12-2029,763-206-2073
ww3h86EmFN,09-05-2031,560-557-3779
AMHe80tv10,29-11-2030,701-177-6739
9xIbQFJ90I,23-12-2029,626-491-4364
A959iN1i9S,28-03-2030,932-855-6795
r0CaewKS51,02-01-2031,424-121-9285
IWe6m68UXQ,10-01-2031,706-662-5916
91kGF00Vb8,20-05-2031,605-193-3416
lu8U6JANx4,25-12-2030,744-842-0427
ggnm8zQrwg,06-11-2030,803-220-8140
224832g269,11-10-2030,733-662-7345
5PAlwBg93t,07-02-2031,307-274-6498
4R4Qe9EDYa,08-11-2029,377-879-8986
BXNcQZAXsF,01-03-2031,969-622-9713
GZNt6Ayug6,24-04-2030,508-316-8891
10N7zAo89d,31-01-2030,130-547-5265
M1wZMiuRyt,30-12-2029,482-866-8840
01SpBJwG3p,08-04-2030,407-502-3214
Ot0778NSD3,04-06-2030,839-751-6533
s8xw17LNU6,01-08-2029,348-182-9387
5NaCmz6e4S,22-04-2031,798-510-0623
Z1d9mxtl70,06-09-2029,143-200-9240
A7U0xQtz3K,09-12-2030,477-652-1950
X4SIR4zLtE,21-05-2031,789-195-8847
Wgulw3Sq5W,27-05-2031,956-918-1606
M6R4IPW0D4,12-02-2031,467-601-9627
FHjlNn3rVN,20-12-2030,160-720-0870
9X6alLaSy1,22-10-2030,682-161-0831
n6RMV7aV3P,05-01-2030,901-742-2774
j7C8T4Y7t4,19-09-2029,212-128-5597
L965g2982O,09-04-2031,933-480-0249
7m0kGbbyBv,18-07-2030,314-812-6704
Y1WBfo0y9i,24-11-2029,377-417-8322
Vj01VmhoI8,21-12-2029,947-438-7819
En0ds7uZ1f,02-06-2031,664-225-7031
a0ONJ5sfVj,17-07-2030,527-295-3856
9W4Nr1eO7B,13-04-2031,508-547-6411
1LN7Xpe3Vk,11-02-2030,959-627-3071
22f1xPigqw,05-03-2030,748-467-1515
iBs852h1R8,11-02-2031,263-811-7121
0T279rP340,29-06-2029,289-976-8466
zEdj2i7JOx,02-02-2030,466-399-6515
6aiUGt046B,09-06-2030,293-925-8413
4VUSij8hh5,22-12-2029,201-991-6343
0B17158TVV,24-01-2030,211-396-0146
raQh10t88d,10-05-2031,920-197-6524
33m9glRSo7,18-10-2030,288-124-9579
H68HrJgg7y,23-09-2030,237-516-7950
2kcII5aFH3,01-07-2029,297-609-0665
WqY360d0b1,13-06-2030,694-242-2617
mH5FBU63ny,07-04-2030,672-796-8299
F9E31VecVG,18-01-2031,877-951-9596
1hB608r0eC,20-06-2029,612-912-4698
R37WnIEhrs,27-05-2030,251-769-7619
6V1Rv5ieS5,11-08-2029,580-842-7118
8QSv27mqAt,18-10-2030,509-754-2188
4CQCrPjUIs,22-05-2031,686-148-9243
NHiK6eMm8s,03-06-2031,619-972-6222
E1javVZO41,01-07-2029,341-826-8508
C1R95w4aGA,07-01-2030,659-656-1764
NGucUSTw8H,18-08-2030,186-428-6755
5ntzGcblvT,30-08-2030,885-505-8650
osUfPT3ch4,22-02-2030,467-784-1332
587s847k3o,29-07-2030,253-401-8527
MocVX6DU6X,07-04-2031,478-697-3199
Fn7OLXnjIu,28-11-2030,658-418-0654
S915P31UO4,15-11-2030,394-241-1286
y559j6DfyN,27-02-2030,644-810-7796
arZ0tEYw2Y,23-06-2030,405-961-8733
TsL9ZNEEEZ,14-03-2031,318-373-3608
MhQ0orU9du,15-10-2030,405-114-9446
nzen2AgMbt,09-03-2030,285-166-2029
XDCIe28n5o,11-06-2030,938-693-5607
4Bfj61KOqu,05-11-2030,570-680-4811
x8R3K93S17,13-10-2030,432-133-4900
mkv33tLiNl,23-04-2030,263-332-1633
m1WYM6z585,31-05-2031,987-840-8127
NW9if5WX8q,19-03-2030,539-732-1610
